               epoch,      train/box_loss,      train/obj_loss,      train/cls_loss,   metrics/precision,      metrics/recall,     metrics/mAP_0.5,metrics/mAP_0.5:0.95,        val/box_loss,        val/obj_loss,        val/cls_loss,               x/lr0,               x/lr1,               x/lr2
                   0,             0.12631,            0.030147,            0.029847,          9.3896e-05,            0.012251,          4.8716e-05,          4.8716e-06,             0.12228,            0.026367,            0.027454,              0.0016,              0.0016,              0.0856
                   1,             0.11421,            0.027017,            0.027446,          0.00083176,             0.11828,            0.001075,          0.00029511,             0.10742,             0.02209,            0.026524,           0.0032891,           0.0032891,            0.070289
                   2,             0.10072,            0.023356,            0.023892,           0.0013332,             0.18674,           0.0013222,          0.00029375,              0.1118,            0.018696,            0.025479,            0.004967,            0.004967,            0.054967
                   3,            0.093198,            0.021924,            0.020661,            0.028814,            0.019008,           0.0090468,           0.0017947,             0.10428,            0.017589,            0.020118,           0.0066337,           0.0066337,            0.039634
                   4,            0.087432,            0.021787,            0.017829,            0.081611,             0.14234,            0.052087,             0.01583,            0.091476,            0.017733,            0.015507,           0.0082891,           0.0082891,            0.024289
                   5,            0.091907,            0.019222,            0.014256,             0.05972,             0.11665,            0.026588,            0.006147,             0.10083,            0.016049,            0.017322,            0.009835,            0.009835,            0.009835
                   6,            0.082508,            0.020995,            0.010538,             0.12823,             0.19672,            0.091311,            0.022411,            0.086542,            0.017485,            0.020643,            0.009835,            0.009835,            0.009835
                   7,            0.080131,             0.02019,           0.0086824,             0.15968,             0.23879,            0.091602,            0.022717,            0.089332,            0.017251,            0.028862,            0.009802,            0.009802,            0.009802
                   8,            0.073967,            0.019489,            0.010645,             0.23091,             0.25564,             0.15274,            0.057023,            0.080006,            0.016769,            0.017599,            0.009769,            0.009769,            0.009769
                   9,            0.070176,            0.018523,            0.006045,             0.29545,             0.32447,             0.24671,            0.093576,            0.077059,            0.015484,             0.02202,            0.009736,            0.009736,            0.009736
                  10,            0.072254,            0.016824,           0.0072403,              0.3419,             0.33635,             0.21797,            0.066069,            0.085408,            0.014686,            0.022745,            0.009703,            0.009703,            0.009703
                  11,            0.070379,            0.018208,           0.0073877,             0.29547,             0.38194,             0.22442,            0.076206,            0.074073,            0.015521,            0.018232,             0.00967,             0.00967,             0.00967
                  12,            0.067043,            0.017399,           0.0062308,              0.4079,             0.38617,             0.27996,             0.10803,            0.071524,            0.015357,            0.015241,            0.009637,            0.009637,            0.009637
                  13,            0.063763,            0.017179,           0.0053115,             0.44762,             0.30376,             0.28864,             0.11271,            0.073624,              0.0164,            0.010014,            0.009604,            0.009604,            0.009604
                  14,            0.061578,             0.01615,             0.00592,             0.42329,             0.27376,             0.27758,             0.10721,             0.06661,            0.015454,            0.012384,            0.009571,            0.009571,            0.009571
                  15,            0.061199,            0.016128,           0.0042258,             0.61897,             0.37234,             0.38109,             0.15946,            0.065398,             0.01487,            0.018092,            0.009538,            0.009538,            0.009538
                  16,            0.061537,            0.015353,            0.003702,              0.7007,             0.41771,             0.50425,              0.2258,            0.066862,            0.014133,             0.01423,            0.009505,            0.009505,            0.009505
                  17,            0.059989,            0.015789,           0.0046409,             0.38565,             0.40257,             0.35298,             0.13603,            0.067847,            0.013245,            0.019277,            0.009472,            0.009472,            0.009472
                  18,            0.058374,            0.015262,           0.0034912,             0.51043,             0.53584,              0.4565,             0.18349,            0.060299,            0.013366,            0.011002,            0.009439,            0.009439,            0.009439
                  19,            0.059314,            0.016478,           0.0030219,             0.52161,              0.3878,             0.40202,             0.13587,             0.06359,            0.015392,            0.010999,            0.009406,            0.009406,            0.009406
                  20,            0.056743,            0.015175,           0.0029654,             0.56011,             0.46874,             0.46924,             0.20114,            0.062564,            0.013548,            0.010521,            0.009373,            0.009373,            0.009373
                  21,            0.055887,            0.014597,           0.0025053,             0.39612,             0.46607,             0.38278,             0.15766,            0.063563,            0.013699,            0.010172,             0.00934,             0.00934,             0.00934
                  22,            0.053571,            0.015017,           0.0030505,             0.48525,             0.52228,             0.44023,             0.18523,            0.058733,            0.013426,            0.017919,            0.009307,            0.009307,            0.009307
                  23,            0.054427,            0.014777,           0.0030888,             0.68307,             0.48508,             0.52226,             0.21433,            0.055907,            0.012969,             0.01345,            0.009274,            0.009274,            0.009274
                  24,            0.051053,            0.013805,           0.0024246,             0.60084,             0.49183,                0.47,             0.20394,            0.059664,            0.012555,            0.012693,            0.009241,            0.009241,            0.009241
                  25,            0.055352,             0.01376,           0.0025521,             0.60371,              0.5231,             0.54714,             0.23321,            0.057634,            0.013021,            0.011952,            0.009208,            0.009208,            0.009208
                  26,            0.054297,            0.013437,           0.0020606,             0.61872,             0.48272,             0.51594,             0.23257,            0.056803,            0.013366,             0.01213,            0.009175,            0.009175,            0.009175
                  27,             0.05399,            0.013972,           0.0031271,             0.74248,             0.53378,             0.57159,             0.28346,            0.055583,             0.01325,            0.011214,            0.009142,            0.009142,            0.009142
                  28,            0.049615,            0.013715,           0.0018896,             0.66919,             0.52732,              0.5239,             0.24725,            0.058065,             0.01305,            0.016845,            0.009109,            0.009109,            0.009109
                  29,            0.052489,            0.014117,           0.0023723,             0.69092,             0.47836,             0.52108,             0.22881,            0.059805,            0.013648,            0.010041,            0.009076,            0.009076,            0.009076
                  30,            0.051386,            0.014115,           0.0022545,             0.54577,             0.43822,              0.4518,             0.21047,            0.057775,            0.013172,             0.01672,            0.009043,            0.009043,            0.009043
                  31,            0.049195,              0.0145,            0.001662,             0.60857,             0.54886,             0.53934,             0.26902,            0.054989,            0.012861,            0.014815,             0.00901,             0.00901,             0.00901
                  32,            0.049313,            0.013183,           0.0018911,             0.64269,             0.57875,             0.58959,             0.27128,            0.054384,            0.012965,            0.010414,            0.008977,            0.008977,            0.008977
                  33,            0.046671,            0.013788,           0.0018513,             0.75742,             0.57798,             0.61611,             0.30704,            0.055228,            0.012017,            0.010034,            0.008944,            0.008944,            0.008944
                  34,            0.045074,            0.013241,           0.0015132,             0.76423,             0.60823,             0.64582,             0.30905,            0.051019,            0.011858,            0.010495,            0.008911,            0.008911,            0.008911
                  35,            0.047169,            0.013155,           0.0015146,             0.61587,             0.48849,             0.50972,             0.26354,            0.052649,            0.012342,            0.023982,            0.008878,            0.008878,            0.008878
                  36,            0.049674,            0.011668,           0.0020951,             0.60231,             0.55679,             0.56228,             0.26242,            0.053253,            0.012403,            0.012968,            0.008845,            0.008845,            0.008845
                  37,            0.045453,            0.013563,           0.0016449,             0.80046,             0.51292,             0.61057,             0.28709,             0.05352,             0.01263,            0.007034,            0.008812,            0.008812,            0.008812
                  38,             0.04595,            0.013389,           0.0014032,             0.77043,             0.55186,             0.62329,             0.32051,            0.053021,            0.013186,           0.0073998,            0.008779,            0.008779,            0.008779
                  39,            0.044244,            0.012954,           0.0014263,             0.76326,             0.52437,             0.59671,             0.29372,            0.054289,            0.013633,           0.0097319,            0.008746,            0.008746,            0.008746
                  40,            0.043539,            0.012293,           0.0015986,             0.67294,             0.50364,             0.57315,             0.31278,            0.053001,            0.013278,           0.0097808,            0.008713,            0.008713,            0.008713
                  41,            0.044059,            0.012372,           0.0012712,             0.76504,             0.50067,             0.58595,             0.28403,            0.056232,            0.012815,           0.0091449,             0.00868,             0.00868,             0.00868
                  42,            0.041961,            0.012243,           0.0015918,             0.76076,             0.50637,             0.61033,             0.30711,            0.051679,            0.013215,           0.0094798,            0.008647,            0.008647,            0.008647
                  43,            0.044653,            0.011901,           0.0010341,             0.65472,             0.56525,             0.60087,             0.28437,            0.052994,            0.012632,            0.011152,            0.008614,            0.008614,            0.008614
                  44,            0.045517,            0.012155,           0.0017171,             0.76189,             0.53467,             0.60308,             0.30657,            0.051106,            0.012894,            0.014367,            0.008581,            0.008581,            0.008581
                  45,            0.044431,            0.012438,           0.0012712,             0.74551,             0.56494,             0.60179,             0.29811,            0.049421,             0.01309,            0.011995,            0.008548,            0.008548,            0.008548
                  46,            0.045537,            0.012104,           0.0013306,             0.73486,             0.48589,             0.56896,             0.23559,            0.055835,            0.013721,            0.010146,            0.008515,            0.008515,            0.008515
                  47,            0.046302,            0.012704,           0.0012445,             0.76704,             0.47869,             0.57428,             0.27181,            0.052952,             0.01463,           0.0097221,            0.008482,            0.008482,            0.008482
                  48,            0.041059,             0.01119,            0.002154,             0.71082,             0.48219,             0.57585,             0.27869,            0.051015,            0.013733,            0.011025,            0.008449,            0.008449,            0.008449
                  49,            0.042693,            0.010654,           0.0012078,             0.72902,              0.4804,             0.54741,             0.26537,            0.052648,            0.012624,           0.0096816,            0.008416,            0.008416,            0.008416
                  50,              0.0417,            0.012433,           0.0011831,             0.69026,             0.52335,             0.54999,             0.26352,            0.052698,            0.013031,           0.0098941,            0.008383,            0.008383,            0.008383
                  51,            0.043615,            0.011907,           0.0013657,             0.70435,             0.53022,              0.5857,             0.29903,            0.051635,            0.012126,            0.011265,             0.00835,             0.00835,             0.00835
                  52,            0.044544,            0.012221,           0.0016041,             0.80985,             0.47668,              0.5946,             0.30067,            0.051811,             0.01248,            0.012503,            0.008317,            0.008317,            0.008317
                  53,            0.039551,            0.011422,           0.0010232,             0.77698,             0.53471,             0.60222,             0.29006,            0.050102,            0.012378,            0.010173,            0.008284,            0.008284,            0.008284
                  54,            0.040621,            0.012228,          0.00095773,              0.6471,             0.53902,             0.53004,             0.26249,            0.052157,             0.01376,            0.012718,            0.008251,            0.008251,            0.008251
                  55,            0.044348,            0.011463,           0.0011727,             0.65732,             0.52101,             0.51541,             0.24838,            0.052695,            0.014411,            0.016888,            0.008218,            0.008218,            0.008218
                  56,            0.040439,            0.011038,          0.00096658,             0.69488,             0.49863,             0.56089,             0.26451,            0.051366,            0.013906,            0.012318,            0.008185,            0.008185,            0.008185
                  57,             0.04143,            0.011692,           0.0011544,              0.6669,             0.54114,             0.56761,             0.26958,            0.053691,             0.01374,            0.012072,            0.008152,            0.008152,            0.008152
                  58,            0.038277,             0.01091,           0.0010157,             0.65122,             0.54993,             0.56298,             0.25924,            0.050868,            0.013844,            0.012786,            0.008119,            0.008119,            0.008119
                  59,            0.040939,            0.011374,            0.001487,             0.74851,             0.56408,              0.6311,             0.30696,            0.047218,            0.012774,            0.010605,            0.008086,            0.008086,            0.008086
                  60,            0.037491,            0.010998,          0.00092163,             0.69344,             0.55183,             0.59094,             0.31558,            0.047795,             0.01239,            0.011433,            0.008053,            0.008053,            0.008053
                  61,            0.042783,            0.011768,           0.0019862,             0.74099,             0.55309,             0.58296,             0.28346,            0.052673,            0.013018,            0.010502,             0.00802,             0.00802,             0.00802
                  62,            0.039932,            0.011196,           0.0012652,             0.71775,             0.52927,              0.5818,             0.27585,            0.051667,            0.013143,            0.010356,            0.007987,            0.007987,            0.007987
                  63,            0.039614,            0.011465,           0.0011854,             0.69715,             0.55985,             0.60336,             0.27719,            0.049308,            0.012755,            0.011123,            0.007954,            0.007954,            0.007954
                  64,            0.041451,             0.01001,           0.0010137,             0.79669,             0.54128,             0.58318,             0.28548,            0.050521,            0.012742,            0.012816,            0.007921,            0.007921,            0.007921
                  65,            0.038494,            0.010516,           0.0012476,             0.70376,             0.56933,             0.58066,             0.29483,            0.049801,            0.012713,            0.012735,            0.007888,            0.007888,            0.007888
                  66,            0.038007,             0.01154,           0.0017474,             0.77293,             0.55561,             0.61907,             0.31752,            0.048325,            0.013078,            0.011286,            0.007855,            0.007855,            0.007855
                  67,            0.039505,            0.011158,           0.0015095,             0.79548,             0.53167,             0.59971,             0.32558,            0.048414,            0.013665,            0.011619,            0.007822,            0.007822,            0.007822
                  68,            0.039809,            0.011723,           0.0010703,             0.80921,             0.53418,             0.60138,             0.31253,            0.049041,            0.013781,            0.010616,            0.007789,            0.007789,            0.007789
                  69,            0.038264,            0.010718,           0.0010895,             0.76921,             0.51085,             0.60463,             0.28965,             0.04977,            0.013332,            0.010193,            0.007756,            0.007756,            0.007756
                  70,             0.03813,            0.011227,           0.0011317,             0.70945,              0.5966,             0.64558,             0.31767,            0.048797,            0.012938,           0.0098863,            0.007723,            0.007723,            0.007723
                  71,            0.038509,            0.010586,          0.00085412,             0.81333,             0.57731,              0.6549,             0.34368,            0.048803,            0.012899,            0.010516,             0.00769,             0.00769,             0.00769
                  72,            0.037244,            0.011462,           0.0010991,             0.82556,             0.63669,             0.69214,             0.35867,            0.048581,            0.011971,           0.0089006,            0.007657,            0.007657,            0.007657
                  73,            0.037448,             0.01085,            0.001113,             0.78937,             0.58561,             0.66708,             0.34008,            0.050808,            0.011699,            0.010728,            0.007624,            0.007624,            0.007624
                  74,            0.038567,            0.010007,          0.00088894,             0.72214,              0.6025,             0.64546,             0.29429,            0.050656,             0.01228,            0.011201,            0.007591,            0.007591,            0.007591
                  75,            0.036445,            0.010053,          0.00080715,             0.76159,             0.60165,             0.65396,             0.30969,             0.04878,            0.012342,             0.01014,            0.007558,            0.007558,            0.007558
                  76,            0.037852,            0.011523,          0.00091026,             0.81992,             0.58285,             0.66391,             0.31266,            0.050102,            0.012919,           0.0098994,            0.007525,            0.007525,            0.007525
                  77,            0.036318,            0.011039,           0.0008621,             0.78753,             0.59948,             0.65422,             0.34413,             0.04936,            0.012869,            0.009201,            0.007492,            0.007492,            0.007492
                  78,            0.035448,           0.0099961,          0.00079706,             0.80452,             0.54331,             0.63726,             0.33253,            0.047522,            0.012078,            0.010012,            0.007459,            0.007459,            0.007459
                  79,            0.037867,            0.010371,          0.00098351,             0.85445,             0.58182,             0.66346,              0.3491,             0.04705,            0.012407,           0.0094308,            0.007426,            0.007426,            0.007426
                  80,            0.036543,            0.010866,          0.00087931,             0.75456,              0.6211,             0.67095,             0.34867,            0.047017,            0.012381,            0.008862,            0.007393,            0.007393,            0.007393
                  81,            0.036297,           0.0095825,          0.00064012,             0.78978,             0.62237,             0.67037,             0.34515,            0.049086,            0.012467,            0.009002,             0.00736,             0.00736,             0.00736
                  82,            0.034572,            0.010489,          0.00075857,             0.83529,              0.5966,             0.64785,             0.31385,             0.04856,            0.011955,           0.0090415,            0.007327,            0.007327,            0.007327
                  83,            0.036751,            0.010193,           0.0009218,             0.79419,             0.60506,             0.66189,               0.342,            0.050779,            0.011893,           0.0088184,            0.007294,            0.007294,            0.007294
                  84,            0.035241,            0.010901,           0.0012157,             0.76024,             0.58041,             0.63653,             0.31667,            0.049661,            0.012448,           0.0088589,            0.007261,            0.007261,            0.007261
                  85,             0.03471,           0.0095656,          0.00070447,             0.76096,             0.57486,             0.61271,             0.30557,            0.050018,            0.012961,           0.0089628,            0.007228,            0.007228,            0.007228
                  86,            0.034673,           0.0098691,          0.00090857,             0.76083,             0.57305,             0.63427,             0.31739,            0.049593,            0.012718,            0.009723,            0.007195,            0.007195,            0.007195
                  87,            0.035001,           0.0093844,          0.00071068,             0.81236,             0.61423,             0.66507,             0.34635,            0.046765,              0.0126,           0.0097816,            0.007162,            0.007162,            0.007162
                  88,            0.033395,            0.010377,           0.0008495,             0.89145,             0.58687,             0.66716,              0.3572,            0.047426,            0.012664,           0.0087024,            0.007129,            0.007129,            0.007129
                  89,            0.034471,           0.0097963,          0.00080659,             0.83266,             0.59117,              0.6721,             0.35612,            0.048815,            0.012187,           0.0086975,            0.007096,            0.007096,            0.007096
                  90,            0.033302,           0.0095767,          0.00095429,             0.86769,             0.57995,             0.67646,             0.34055,            0.048656,            0.011958,           0.0086436,            0.007063,            0.007063,            0.007063
                  91,            0.034298,           0.0099974,          0.00074753,             0.77509,             0.59786,             0.66163,             0.32641,            0.048067,            0.012407,           0.0080362,             0.00703,             0.00703,             0.00703
                  92,            0.031917,           0.0089424,           0.0010406,             0.77692,             0.62912,             0.67072,             0.34165,            0.047481,            0.012377,           0.0079745,            0.006997,            0.006997,            0.006997
                  93,            0.030694,           0.0097337,            0.001065,             0.80211,             0.60885,             0.66627,             0.32995,            0.050566,             0.01212,           0.0086124,            0.006964,            0.006964,            0.006964
                  94,            0.034646,           0.0096029,          0.00065652,             0.74798,             0.60898,             0.64282,             0.34694,            0.047457,            0.012737,           0.0080463,            0.006931,            0.006931,            0.006931
                  95,            0.032752,           0.0092163,          0.00072766,             0.80726,              0.6145,             0.64833,             0.33842,            0.048012,             0.01258,           0.0067579,            0.006898,            0.006898,            0.006898
                  96,            0.034477,           0.0099146,          0.00073529,             0.88767,             0.62179,             0.68815,             0.36689,            0.046923,            0.011821,           0.0072005,            0.006865,            0.006865,            0.006865
                  97,            0.031688,            0.008937,          0.00075004,             0.80955,             0.65786,             0.66785,             0.35839,             0.04706,            0.011488,           0.0077536,            0.006832,            0.006832,            0.006832
                  98,            0.032801,           0.0098437,          0.00069731,             0.78523,             0.61858,             0.66704,             0.35954,            0.047126,            0.011976,           0.0083283,            0.006799,            0.006799,            0.006799
                  99,            0.032243,           0.0092122,          0.00075153,             0.77775,             0.58742,             0.64786,             0.36701,             0.04681,            0.013246,           0.0075475,            0.006766,            0.006766,            0.006766
                 100,            0.034872,            0.009957,          0.00084071,             0.75201,             0.62066,             0.65573,             0.36308,            0.046627,            0.013262,            0.007865,            0.006733,            0.006733,            0.006733
                 101,            0.031616,           0.0087314,          0.00065985,             0.80505,             0.56111,             0.63309,             0.34213,            0.047119,            0.013392,           0.0087164,              0.0067,              0.0067,              0.0067
                 102,            0.031363,           0.0099332,          0.00063569,             0.79546,             0.57498,             0.64009,             0.35425,            0.047321,            0.013363,           0.0089344,            0.006667,            0.006667,            0.006667
                 103,            0.036668,           0.0090202,          0.00064421,             0.78667,             0.53913,             0.62026,              0.3048,            0.048772,             0.01371,           0.0080598,            0.006634,            0.006634,            0.006634
                 104,            0.034398,           0.0093905,          0.00064585,              0.7749,             0.57349,             0.65028,             0.33909,            0.047261,            0.012999,           0.0085561,            0.006601,            0.006601,            0.006601
                 105,            0.031313,           0.0095291,          0.00058341,             0.70486,             0.60114,             0.65663,             0.34025,             0.04802,            0.012713,           0.0093379,            0.006568,            0.006568,            0.006568
                 106,            0.032431,           0.0090718,          0.00077182,             0.78963,             0.54855,             0.65408,             0.32986,            0.048339,            0.012618,           0.0088122,            0.006535,            0.006535,            0.006535
                 107,            0.035876,           0.0088631,          0.00096773,             0.72986,             0.55734,             0.63334,             0.33321,            0.047876,            0.012791,           0.0091711,            0.006502,            0.006502,            0.006502
                 108,            0.029808,           0.0097063,          0.00073904,             0.71661,             0.57614,             0.62369,             0.31584,            0.051598,             0.01294,           0.0092994,            0.006469,            0.006469,            0.006469
                 109,            0.032387,           0.0087324,          0.00073431,              0.7661,             0.56906,             0.64654,             0.34335,            0.048249,            0.013094,           0.0097046,            0.006436,            0.006436,            0.006436
                 110,            0.030602,           0.0095634,          0.00068695,             0.77196,             0.56063,             0.63005,             0.35452,            0.048092,            0.012529,           0.0095568,            0.006403,            0.006403,            0.006403
                 111,            0.033467,            0.009697,           0.0007244,             0.80161,             0.56363,             0.64875,              0.3556,            0.047286,            0.013143,           0.0093462,             0.00637,             0.00637,             0.00637
                 112,            0.030271,           0.0086636,          0.00062776,             0.77014,             0.59477,             0.65578,             0.35563,            0.046176,            0.012192,           0.0093781,            0.006337,            0.006337,            0.006337
                 113,            0.032125,           0.0093474,           0.0014013,             0.84199,             0.56111,             0.66015,             0.35153,            0.048158,            0.011942,           0.0098646,            0.006304,            0.006304,            0.006304
                 114,            0.032421,           0.0089915,          0.00058606,             0.78303,             0.57759,             0.64348,             0.32729,             0.04802,            0.012303,           0.0088517,            0.006271,            0.006271,            0.006271
                 115,            0.033343,           0.0096494,          0.00055222,             0.77429,              0.6338,             0.68211,             0.35464,            0.046413,            0.011888,             0.00916,            0.006238,            0.006238,            0.006238
                 116,            0.031612,           0.0091853,           0.0008001,             0.81402,             0.62787,             0.66458,             0.33195,            0.047899,            0.012259,            0.009581,            0.006205,            0.006205,            0.006205
                 117,            0.030221,           0.0092019,          0.00072258,             0.86244,             0.60972,             0.66193,             0.32608,            0.049768,            0.012888,           0.0086808,            0.006172,            0.006172,            0.006172
                 118,            0.029662,           0.0097711,          0.00078914,             0.81154,             0.62676,             0.66475,             0.34462,            0.048125,             0.01308,           0.0085547,            0.006139,            0.006139,            0.006139
                 119,            0.030834,           0.0090173,          0.00062162,             0.73301,             0.62331,             0.65077,             0.35441,            0.046483,            0.012544,           0.0084352,            0.006106,            0.006106,            0.006106
                 120,            0.032508,           0.0092629,          0.00055146,             0.73369,             0.65407,             0.66828,             0.35197,            0.046751,            0.012104,           0.0085338,            0.006073,            0.006073,            0.006073
                 121,            0.030167,           0.0096055,          0.00054779,             0.89841,             0.54336,             0.67372,             0.35193,            0.046619,            0.011867,           0.0088692,             0.00604,             0.00604,             0.00604
                 122,            0.032712,            0.010021,           0.0004965,             0.78897,             0.57759,             0.65592,              0.3392,            0.048818,            0.012282,           0.0090209,            0.006007,            0.006007,            0.006007
                 123,            0.032493,           0.0094653,          0.00054351,             0.81667,             0.61373,             0.67113,             0.36795,            0.045943,            0.012479,           0.0081684,            0.005974,            0.005974,            0.005974
                 124,            0.031037,           0.0089733,          0.00056596,             0.79945,              0.6062,             0.64051,             0.32992,            0.048749,            0.012451,           0.0083526,            0.005941,            0.005941,            0.005941
                 125,            0.031901,           0.0091488,          0.00060342,             0.76022,             0.62786,             0.67417,             0.36624,            0.046644,            0.013028,           0.0085703,            0.005908,            0.005908,            0.005908
                 126,            0.031383,           0.0094013,          0.00053291,             0.76248,             0.64264,             0.68723,             0.37698,            0.047814,            0.012901,           0.0086915,            0.005875,            0.005875,            0.005875
                 127,            0.030075,           0.0088278,          0.00056755,             0.82104,             0.64382,             0.68935,             0.38133,            0.046977,            0.012573,           0.0081962,            0.005842,            0.005842,            0.005842
                 128,            0.030894,            0.008907,          0.00046982,               0.852,             0.61605,             0.66044,             0.35647,            0.048006,            0.012345,           0.0093204,            0.005809,            0.005809,            0.005809
                 129,            0.028311,           0.0095149,          0.00061407,             0.82549,             0.61858,             0.66209,             0.35572,            0.047203,            0.012243,           0.0090913,            0.005776,            0.005776,            0.005776
                 130,            0.030405,           0.0094422,           0.0005821,             0.83959,             0.61078,             0.67692,             0.37666,            0.046071,            0.012155,           0.0088588,            0.005743,            0.005743,            0.005743
                 131,            0.030097,           0.0088085,          0.00069499,             0.78342,             0.63654,             0.67264,             0.36516,             0.04652,            0.012324,            0.008905,             0.00571,             0.00571,             0.00571
                 132,            0.028017,           0.0096731,          0.00049852,             0.78821,              0.6407,             0.67033,             0.35943,            0.046129,            0.012596,           0.0093369,            0.005677,            0.005677,            0.005677
                 133,            0.030536,           0.0083112,          0.00071201,             0.81078,             0.61048,             0.68025,              0.3617,            0.046569,            0.012858,            0.009033,            0.005644,            0.005644,            0.005644
                 134,            0.027508,             0.00913,          0.00062519,               0.742,             0.59578,             0.65073,             0.36344,            0.045451,             0.01315,            0.010846,            0.005611,            0.005611,            0.005611
                 135,            0.029597,           0.0089497,           0.0005264,             0.88035,             0.56311,             0.67042,             0.36093,            0.045452,            0.012717,            0.010216,            0.005578,            0.005578,            0.005578
                 136,            0.029475,           0.0084078,          0.00056461,             0.80115,             0.60335,              0.6552,             0.35183,            0.046007,            0.013004,            0.010141,            0.005545,            0.005545,            0.005545
                 137,            0.029005,           0.0090077,          0.00045319,             0.81106,             0.61328,             0.66555,             0.37458,            0.045147,            0.013318,           0.0098148,            0.005512,            0.005512,            0.005512
                 138,            0.029145,           0.0090566,          0.00044793,             0.81443,             0.63865,             0.67352,             0.35769,            0.045603,            0.012869,            0.010132,            0.005479,            0.005479,            0.005479
                 139,            0.028377,           0.0080404,          0.00046834,              0.8359,             0.62044,              0.6899,             0.36242,            0.045077,            0.012567,            0.010031,            0.005446,            0.005446,            0.005446
                 140,            0.029146,           0.0083138,          0.00045606,             0.82091,             0.62164,             0.69455,             0.37476,            0.044398,            0.012687,           0.0098645,            0.005413,            0.005413,            0.005413
                 141,            0.027166,            0.008634,          0.00046691,             0.79848,             0.62786,             0.69111,              0.3516,            0.047724,            0.012692,           0.0091811,             0.00538,             0.00538,             0.00538
                 142,            0.028604,           0.0084414,          0.00053998,             0.76619,             0.67686,              0.7037,             0.37196,            0.044702,            0.012122,           0.0086692,            0.005347,            0.005347,            0.005347
                 143,            0.028927,           0.0089495,           0.0006036,             0.75277,             0.59197,             0.64828,             0.34804,            0.046822,            0.012319,           0.0097582,            0.005314,            0.005314,            0.005314
                 144,            0.027005,           0.0090986,          0.00048392,             0.79473,             0.60396,             0.68003,             0.36569,            0.046644,            0.012365,           0.0087454,            0.005281,            0.005281,            0.005281
                 145,            0.027033,           0.0082753,          0.00046191,             0.74714,             0.62318,             0.66985,             0.32994,            0.050618,            0.012471,           0.0087601,            0.005248,            0.005248,            0.005248
                 146,             0.02817,           0.0088177,          0.00057641,              0.8057,             0.60083,             0.67949,             0.35463,            0.047239,            0.012662,           0.0086891,            0.005215,            0.005215,            0.005215
                 147,            0.028729,           0.0083634,          0.00074025,             0.83146,             0.55533,             0.66301,             0.34573,            0.047369,            0.013138,           0.0091059,            0.005182,            0.005182,            0.005182
                 148,            0.026616,           0.0086075,          0.00065858,             0.71412,             0.60087,             0.65641,             0.34829,            0.045988,            0.013365,           0.0096179,            0.005149,            0.005149,            0.005149
                 149,            0.027804,           0.0078383,          0.00057849,             0.73964,             0.61435,             0.66332,             0.34019,            0.045624,            0.013478,            0.010498,            0.005116,            0.005116,            0.005116
                 150,            0.027865,           0.0084525,          0.00047115,             0.70022,             0.61981,             0.64373,             0.33719,            0.046714,            0.013848,            0.011461,            0.005083,            0.005083,            0.005083
                 151,            0.028708,            0.009196,          0.00061522,              0.8732,             0.57558,             0.66601,             0.36958,            0.044232,            0.013127,           0.0098781,             0.00505,             0.00505,             0.00505
                 152,            0.028917,           0.0083366,          0.00058267,             0.82272,             0.57122,             0.65053,             0.36286,             0.04561,            0.013552,            0.010621,            0.005017,            0.005017,            0.005017
                 153,            0.026713,           0.0082666,          0.00055475,             0.80847,              0.5665,             0.65264,             0.36568,            0.046125,            0.014064,           0.0094265,            0.004984,            0.004984,            0.004984
                 154,            0.027694,           0.0088608,          0.00057751,             0.77179,             0.57242,             0.64515,              0.3464,            0.046663,            0.014277,           0.0089167,            0.004951,            0.004951,            0.004951
                 155,            0.026687,           0.0080887,          0.00047798,             0.79912,             0.58056,              0.6416,             0.34291,            0.046173,            0.014405,           0.0098622,            0.004918,            0.004918,            0.004918
                 156,            0.029265,           0.0087825,          0.00036919,             0.86361,             0.54634,              0.6428,             0.34895,             0.04603,            0.014415,           0.0087238,            0.004885,            0.004885,            0.004885
                 157,            0.027336,           0.0078409,          0.00042455,             0.85828,             0.57633,             0.65962,             0.34742,            0.045869,            0.013535,           0.0075545,            0.004852,            0.004852,            0.004852
                 158,            0.026577,           0.0078006,           0.0005188,             0.71903,             0.60382,             0.64137,              0.3349,            0.047032,            0.013869,           0.0081252,            0.004819,            0.004819,            0.004819
                 159,            0.026665,           0.0082897,          0.00047578,             0.85139,             0.55353,             0.63633,             0.33206,            0.047472,            0.014328,           0.0091663,            0.004786,            0.004786,            0.004786
                 160,            0.028856,           0.0087351,          0.00042244,             0.84082,             0.57981,             0.65659,             0.33791,            0.048787,            0.014286,           0.0086291,            0.004753,            0.004753,            0.004753
                 161,            0.026584,           0.0080437,          0.00049504,             0.86582,             0.55524,             0.64488,             0.36587,            0.046796,            0.014267,           0.0095454,             0.00472,             0.00472,             0.00472
                 162,            0.028717,           0.0078289,          0.00040938,             0.87278,             0.55056,             0.64469,             0.36053,            0.047139,            0.013956,           0.0088651,            0.004687,            0.004687,            0.004687
                 163,            0.025596,           0.0084462,           0.0004773,             0.84884,             0.60633,             0.66723,             0.37101,            0.047107,            0.013229,           0.0082881,            0.004654,            0.004654,            0.004654
                 164,            0.026894,           0.0080886,          0.00037447,             0.79321,             0.62704,             0.69351,             0.37557,             0.04732,            0.012826,           0.0083819,            0.004621,            0.004621,            0.004621
                 165,            0.024741,           0.0078962,          0.00050772,             0.82027,             0.61732,             0.67579,             0.36951,            0.047508,            0.012948,           0.0085149,            0.004588,            0.004588,            0.004588
                 166,            0.027656,           0.0090877,          0.00048814,               0.878,             0.59016,             0.66809,             0.34816,             0.04813,            0.013129,           0.0074491,            0.004555,            0.004555,            0.004555
                 167,             0.02797,           0.0082087,          0.00066562,              0.8091,             0.61518,             0.66417,             0.32921,            0.049355,            0.013759,           0.0078648,            0.004522,            0.004522,            0.004522
                 168,            0.026714,           0.0082581,           0.0003627,             0.81732,             0.59029,             0.65778,             0.35989,            0.047297,            0.014059,           0.0086841,            0.004489,            0.004489,            0.004489
                 169,            0.025148,           0.0079164,          0.00044816,             0.82145,             0.60771,             0.68143,             0.36999,            0.046358,            0.013366,           0.0080746,            0.004456,            0.004456,            0.004456
                 170,            0.025859,           0.0083563,          0.00048173,              0.8245,             0.60885,             0.67507,             0.36686,            0.046757,            0.013434,            0.008467,            0.004423,            0.004423,            0.004423
                 171,             0.02709,           0.0086827,          0.00035585,             0.75339,             0.59812,             0.64665,             0.34269,            0.047942,            0.014236,            0.008924,             0.00439,             0.00439,             0.00439
                 172,            0.026042,           0.0079073,          0.00036878,               0.859,             0.54584,             0.64688,             0.35738,             0.04687,            0.014452,           0.0086607,            0.004357,            0.004357,            0.004357
                 173,            0.024852,           0.0079945,          0.00032827,             0.82949,             0.60899,             0.66636,             0.35573,            0.047005,            0.014284,           0.0084717,            0.004324,            0.004324,            0.004324
                 174,            0.025627,           0.0085862,          0.00030502,             0.79821,             0.61435,               0.673,              0.3508,            0.047072,            0.014167,           0.0086408,            0.004291,            0.004291,            0.004291
                 175,            0.026356,           0.0086591,          0.00046958,             0.79839,             0.58984,             0.66208,             0.36417,            0.046375,            0.014559,           0.0092093,            0.004258,            0.004258,            0.004258
                 176,            0.026545,           0.0079297,          0.00029508,             0.83543,             0.57336,             0.66131,             0.37795,            0.046537,            0.014372,            0.008901,            0.004225,            0.004225,            0.004225
                 177,            0.025162,           0.0080857,          0.00031851,             0.96264,             0.55606,             0.67177,             0.38012,            0.047392,             0.01376,           0.0089401,            0.004192,            0.004192,            0.004192
                 178,            0.025572,           0.0077387,           0.0003531,             0.80938,             0.61435,             0.67498,             0.34394,            0.049451,            0.013698,           0.0089292,            0.004159,            0.004159,            0.004159
                 179,            0.025886,           0.0079483,          0.00045263,             0.94044,             0.60107,             0.70393,             0.37333,            0.046984,            0.012656,           0.0084237,            0.004126,            0.004126,            0.004126
                 180,             0.02457,           0.0081467,          0.00042958,             0.93731,             0.59881,             0.69751,              0.3636,            0.047478,            0.012831,           0.0081868,            0.004093,            0.004093,            0.004093
                 181,            0.025616,           0.0083684,           0.0004506,             0.92742,              0.5793,             0.69612,             0.38103,            0.046455,            0.012937,           0.0086344,             0.00406,             0.00406,             0.00406
                 182,            0.024733,           0.0076489,          0.00039278,              0.8701,             0.59776,             0.68805,             0.38135,            0.046487,            0.013213,           0.0092915,            0.004027,            0.004027,            0.004027
                 183,            0.023768,           0.0072295,          0.00038147,             0.78687,             0.59704,             0.67923,             0.36799,            0.046535,            0.013635,           0.0092046,            0.003994,            0.003994,            0.003994
                 184,            0.025179,           0.0076382,          0.00047408,             0.86439,             0.58601,             0.66935,             0.37208,            0.046556,            0.013826,           0.0086876,            0.003961,            0.003961,            0.003961
                 185,            0.023767,           0.0078244,          0.00034148,              0.9154,             0.56721,             0.67884,             0.36506,            0.046354,             0.01384,            0.008777,            0.003928,            0.003928,            0.003928
                 186,            0.024437,           0.0080558,          0.00042473,             0.81824,              0.5966,              0.6727,             0.36588,            0.046466,            0.014275,           0.0088647,            0.003895,            0.003895,            0.003895
                 187,            0.024821,           0.0084054,          0.00044315,             0.85242,              0.5893,             0.67535,             0.36324,            0.046665,            0.014891,             0.00802,            0.003862,            0.003862,            0.003862
                 188,            0.025312,           0.0078227,          0.00034461,             0.84793,             0.56809,             0.66574,             0.37101,            0.046681,            0.014742,           0.0082828,            0.003829,            0.003829,            0.003829
                 189,            0.024208,           0.0077342,          0.00029481,             0.73341,             0.59749,             0.65811,             0.36113,            0.046567,            0.014485,           0.0087889,            0.003796,            0.003796,            0.003796
                 190,            0.024614,           0.0077667,          0.00026768,              0.7192,             0.57507,             0.66576,             0.36172,            0.046496,            0.014812,           0.0092902,            0.003763,            0.003763,            0.003763
                 191,            0.024274,            0.008483,          0.00042009,              0.7524,             0.58939,             0.66688,             0.36897,            0.046302,            0.014903,           0.0095698,             0.00373,             0.00373,             0.00373
                 192,            0.023913,            0.007736,          0.00034038,             0.80439,             0.60854,              0.6783,             0.37078,            0.046625,            0.014577,           0.0095529,            0.003697,            0.003697,            0.003697
                 193,            0.023138,           0.0072173,          0.00026273,             0.86697,             0.58453,             0.67854,             0.36614,            0.047242,            0.014222,           0.0093869,            0.003664,            0.003664,            0.003664
                 194,            0.023738,            0.008118,           0.0004757,             0.82646,             0.60242,             0.69003,             0.38793,            0.045893,            0.013941,           0.0094058,            0.003631,            0.003631,            0.003631
                 195,            0.024464,           0.0079829,          0.00031904,             0.88761,             0.60139,             0.69816,             0.40035,            0.045729,            0.013511,           0.0092728,            0.003598,            0.003598,            0.003598
                 196,            0.025091,           0.0073573,          0.00030881,             0.82007,             0.59957,             0.69081,              0.3814,            0.046111,            0.013539,           0.0098234,            0.003565,            0.003565,            0.003565
                 197,            0.024223,           0.0074691,           0.0003927,             0.83073,             0.56395,             0.67079,             0.37319,            0.046492,            0.013653,            0.010039,            0.003532,            0.003532,            0.003532
                 198,            0.023888,           0.0077231,          0.00034828,             0.79955,             0.60462,              0.6752,             0.37821,            0.046121,            0.013597,            0.010156,            0.003499,            0.003499,            0.003499
                 199,            0.024573,           0.0078606,          0.00034832,              0.7594,             0.60885,             0.66722,              0.3696,            0.047142,            0.013624,            0.010426,            0.003466,            0.003466,            0.003466
                 200,            0.023347,           0.0077764,          0.00040764,             0.83181,             0.57083,             0.66065,              0.3642,            0.047303,            0.013659,            0.010035,            0.003433,            0.003433,            0.003433
                 201,            0.023972,           0.0077467,           0.0002754,             0.78994,             0.60434,             0.66155,             0.36786,            0.047565,             0.01323,           0.0098602,              0.0034,              0.0034,              0.0034
                 202,            0.023227,           0.0073831,          0.00033194,             0.80512,             0.58509,             0.66333,             0.37679,            0.046596,            0.013155,           0.0099172,            0.003367,            0.003367,            0.003367
                 203,            0.023495,           0.0073107,          0.00034297,             0.85786,             0.56976,             0.65895,             0.37537,            0.046512,            0.013594,           0.0095772,            0.003334,            0.003334,            0.003334
                 204,            0.021787,           0.0074357,          0.00039276,             0.89488,             0.58139,             0.68253,             0.36215,            0.047732,            0.013397,           0.0093354,            0.003301,            0.003301,            0.003301
                 205,            0.022814,           0.0070365,          0.00034036,             0.91709,             0.60506,             0.69314,             0.36961,            0.046449,            0.012992,           0.0091748,            0.003268,            0.003268,            0.003268
                 206,            0.022673,           0.0076715,          0.00028982,              0.8706,             0.59394,             0.67829,              0.3736,            0.045729,            0.013396,           0.0092725,            0.003235,            0.003235,            0.003235
                 207,             0.02349,           0.0077182,          0.00033647,             0.85096,             0.59957,             0.67912,             0.38082,            0.045492,             0.01372,           0.0092375,            0.003202,            0.003202,            0.003202
                 208,            0.022654,           0.0077813,          0.00033963,             0.80723,             0.60171,             0.67033,             0.36874,            0.046757,            0.013722,            0.008822,            0.003169,            0.003169,            0.003169
                 209,            0.022565,           0.0068391,          0.00045091,             0.76708,             0.59166,             0.67401,             0.37811,            0.046986,            0.013716,           0.0087211,            0.003136,            0.003136,            0.003136
                 210,            0.023118,            0.007006,          0.00033086,             0.81439,             0.58898,              0.6808,             0.38133,            0.047533,             0.01352,           0.0088188,            0.003103,            0.003103,            0.003103
                 211,            0.022483,           0.0075716,          0.00031382,             0.76446,              0.5911,             0.67159,             0.38097,             0.04746,            0.013587,           0.0089725,             0.00307,             0.00307,             0.00307
                 212,            0.023149,            0.007426,          0.00042961,              0.8009,             0.61264,             0.68444,             0.37996,            0.047078,            0.013398,           0.0090525,            0.003037,            0.003037,            0.003037
                 213,            0.023116,           0.0078626,          0.00039692,             0.80406,             0.62236,             0.68364,              0.3711,            0.047155,            0.013121,            0.009212,            0.003004,            0.003004,            0.003004
                 214,            0.022351,           0.0073629,          0.00025743,             0.84411,             0.62107,             0.68794,             0.37957,            0.046018,            0.013098,           0.0094277,            0.002971,            0.002971,            0.002971
                 215,            0.022438,           0.0079452,          0.00027013,             0.87062,             0.57759,             0.68206,             0.37269,            0.045655,            0.013018,           0.0095469,            0.002938,            0.002938,            0.002938
                 216,            0.021947,           0.0070586,          0.00026774,             0.87569,             0.57083,              0.6887,             0.37845,            0.045773,            0.013176,           0.0096753,            0.002905,            0.002905,            0.002905
                 217,            0.022609,            0.007081,          0.00028696,              0.8632,             0.58052,             0.68819,             0.38103,            0.045719,            0.013217,            0.009967,            0.002872,            0.002872,            0.002872
                 218,            0.021697,           0.0076822,          0.00040104,             0.84861,             0.62206,             0.69221,             0.38125,            0.045982,            0.013146,            0.009908,            0.002839,            0.002839,            0.002839
                 219,            0.023306,           0.0074523,          0.00029858,             0.84593,             0.63327,             0.69099,             0.38081,             0.04589,            0.013056,           0.0098018,            0.002806,            0.002806,            0.002806
                 220,            0.021947,           0.0080944,          0.00026911,             0.81336,             0.62787,             0.68488,              0.3808,               0.047,            0.013025,           0.0096933,            0.002773,            0.002773,            0.002773
                 221,            0.022721,           0.0073019,          0.00033762,             0.86154,             0.58442,             0.67535,             0.37464,            0.045961,            0.013437,           0.0093383,             0.00274,             0.00274,             0.00274
                 222,             0.02198,           0.0078157,           0.0002705,             0.84626,             0.58984,             0.68144,              0.3734,            0.045708,            0.013561,           0.0093945,            0.002707,            0.002707,            0.002707
                 223,             0.02219,           0.0075079,          0.00023896,             0.82063,              0.5986,             0.68253,             0.37404,            0.045694,            0.013695,            0.009526,            0.002674,            0.002674,            0.002674
                 224,            0.021334,           0.0073679,          0.00024755,             0.85984,             0.59581,             0.69087,             0.38495,            0.045524,             0.01398,           0.0097064,            0.002641,            0.002641,            0.002641
                 225,            0.021092,             0.00679,          0.00024668,             0.83186,              0.6112,             0.68339,             0.37726,            0.045485,            0.014183,            0.010153,            0.002608,            0.002608,            0.002608
                 226,            0.020796,           0.0070603,          0.00035017,             0.83003,             0.62281,             0.68642,             0.37784,            0.045277,            0.014004,             0.01013,            0.002575,            0.002575,            0.002575
                 227,            0.020962,           0.0069635,           0.0002757,             0.84238,              0.6093,             0.67954,             0.37671,            0.045342,            0.013519,            0.010738,            0.002542,            0.002542,            0.002542
                 228,            0.020901,            0.007684,          0.00027779,             0.83637,             0.60104,             0.67493,             0.36921,            0.045781,            0.013478,            0.011123,            0.002509,            0.002509,            0.002509
                 229,            0.021376,           0.0070973,          0.00028034,              0.8201,             0.59953,              0.6718,             0.38103,            0.045627,            0.013621,            0.011103,            0.002476,            0.002476,            0.002476
                 230,            0.022597,           0.0078915,          0.00023885,             0.81695,             0.59831,             0.67656,             0.38308,            0.045458,            0.013479,            0.010789,            0.002443,            0.002443,            0.002443
                 231,            0.021358,           0.0069663,          0.00033919,             0.83641,             0.59932,             0.67426,             0.38356,            0.045997,            0.013716,            0.010104,             0.00241,             0.00241,             0.00241
                 232,            0.021277,           0.0072357,          0.00024212,             0.81683,             0.58048,             0.67323,             0.38038,            0.046104,            0.014135,            0.010163,            0.002377,            0.002377,            0.002377
                 233,            0.021901,           0.0069144,          0.00018961,             0.83889,               0.564,             0.67938,              0.3834,            0.046719,            0.014734,            0.010082,            0.002344,            0.002344,            0.002344
                 234,            0.022189,           0.0077492,          0.00037427,              0.7711,             0.59957,             0.67607,             0.37924,            0.045996,            0.014485,           0.0099683,            0.002311,            0.002311,            0.002311
                 235,            0.021835,             0.00693,          0.00022081,             0.80179,              0.5802,             0.66267,             0.36892,             0.04671,            0.014453,           0.0099636,            0.002278,            0.002278,            0.002278
                 236,            0.021127,           0.0075517,            0.000374,               0.916,             0.53919,             0.67142,              0.3694,            0.046422,            0.014348,            0.010031,            0.002245,            0.002245,            0.002245
                 237,            0.021274,           0.0069924,          0.00017774,             0.81098,             0.57633,             0.67232,              0.3764,            0.045418,            0.014278,             0.01018,            0.002212,            0.002212,            0.002212
                 238,            0.020674,           0.0070314,          0.00023435,              0.8589,               0.568,             0.66636,             0.36745,             0.04617,            0.014516,            0.010207,            0.002179,            0.002179,            0.002179
                 239,            0.021267,           0.0070962,          0.00019144,             0.76585,             0.57644,             0.66473,             0.36936,            0.045908,             0.01443,            0.010106,            0.002146,            0.002146,            0.002146
                 240,            0.020751,           0.0070515,          0.00017972,             0.82936,             0.58243,              0.6785,             0.36917,            0.046179,            0.014116,            0.010387,            0.002113,            0.002113,            0.002113
                 241,            0.021376,           0.0070758,          0.00035411,             0.82936,              0.5829,              0.6828,              0.3784,            0.046137,             0.01401,            0.010708,             0.00208,             0.00208,             0.00208
                 242,            0.019244,           0.0068816,          0.00017549,             0.83274,             0.60595,              0.6966,             0.38549,            0.045814,            0.013612,            0.010883,            0.002047,            0.002047,            0.002047
                 243,            0.020856,           0.0077781,          0.00022028,              0.8094,             0.62704,             0.70203,              0.3773,            0.045802,            0.013398,            0.010985,            0.002014,            0.002014,            0.002014
                 244,            0.020141,           0.0071262,          0.00021951,             0.79366,             0.62029,             0.69602,             0.37201,             0.04609,            0.013312,            0.011329,            0.001981,            0.001981,            0.001981
                 245,            0.021173,           0.0072452,          0.00018268,             0.81121,              0.6093,             0.69041,             0.36835,            0.046628,            0.013392,            0.011126,            0.001948,            0.001948,            0.001948
                 246,            0.019987,           0.0067838,          0.00040101,             0.82475,             0.60355,             0.68293,             0.37153,            0.046181,            0.013412,            0.010684,            0.001915,            0.001915,            0.001915
                 247,            0.019707,           0.0071848,          0.00016218,             0.77479,             0.60497,             0.67171,             0.36818,             0.04641,            0.013559,             0.01028,            0.001882,            0.001882,            0.001882
                 248,            0.020066,           0.0071862,          0.00032842,             0.79699,             0.61264,             0.68582,             0.38027,             0.04573,            0.014073,           0.0099452,            0.001849,            0.001849,            0.001849
                 249,            0.020394,           0.0073659,           0.0002238,              0.8167,             0.59915,             0.68335,             0.38221,            0.045612,            0.014368,            0.009863,            0.001816,            0.001816,            0.001816
                 250,            0.021194,            0.007454,          0.00018987,             0.79639,             0.62139,             0.68215,              0.3834,            0.045226,            0.014257,           0.0095109,            0.001783,            0.001783,            0.001783
                 251,            0.021698,           0.0070926,          0.00039629,             0.77156,             0.61435,             0.67307,             0.38402,            0.044983,            0.014227,           0.0095966,             0.00175,             0.00175,             0.00175
                 252,             0.01962,           0.0070877,          0.00019727,             0.77687,             0.60083,             0.67715,             0.38025,            0.044685,             0.01408,           0.0098711,            0.001717,            0.001717,            0.001717
                 253,            0.019137,           0.0072359,           0.0001701,             0.76461,             0.61586,             0.68664,             0.37563,            0.045174,            0.014387,            0.010022,            0.001684,            0.001684,            0.001684
                 254,            0.020414,           0.0071385,          0.00020469,             0.80058,             0.59775,             0.68544,             0.39233,            0.044942,            0.014502,           0.0098928,            0.001651,            0.001651,            0.001651
                 255,            0.019672,           0.0068477,          0.00019711,             0.82309,             0.58967,             0.67792,             0.37427,            0.045411,            0.014558,           0.0099386,            0.001618,            0.001618,            0.001618
                 256,            0.019724,           0.0066026,          0.00020921,             0.80922,             0.58984,             0.67451,             0.36366,            0.045539,            0.014537,           0.0098992,            0.001585,            0.001585,            0.001585
                 257,            0.019034,           0.0066919,          0.00018087,             0.80839,             0.59123,             0.67117,             0.37621,            0.045211,            0.014483,            0.010082,            0.001552,            0.001552,            0.001552
                 258,             0.01929,           0.0067023,          0.00027448,             0.86594,             0.55572,             0.67769,             0.38716,             0.04502,            0.014587,           0.0098283,            0.001519,            0.001519,            0.001519
                 259,            0.019975,           0.0076675,          0.00015101,             0.85611,             0.57538,             0.68184,             0.38813,            0.045059,            0.014499,           0.0099899,            0.001486,            0.001486,            0.001486
                 260,             0.02006,           0.0072821,          0.00016399,             0.83538,             0.58864,             0.67519,             0.37363,            0.045878,            0.014656,            0.010081,            0.001453,            0.001453,            0.001453
                 261,            0.019745,            0.006799,           0.0002318,             0.83515,             0.59558,             0.68299,             0.37969,            0.045353,            0.014424,           0.0099878,             0.00142,             0.00142,             0.00142
                 262,             0.02096,           0.0072344,          0.00017128,             0.83176,             0.59831,              0.6899,              0.3747,            0.045664,            0.014003,           0.0098337,            0.001387,            0.001387,            0.001387
                 263,            0.019221,           0.0070893,          0.00016106,             0.79729,             0.62957,             0.69908,              0.3844,            0.045244,            0.013737,            0.010044,            0.001354,            0.001354,            0.001354
                 264,            0.019685,           0.0067665,          0.00020362,             0.79173,             0.61605,              0.6937,             0.38077,            0.045602,            0.013683,            0.010355,            0.001321,            0.001321,            0.001321
                 265,            0.019614,            0.006908,          0.00016705,             0.79765,             0.59584,             0.68114,             0.39023,            0.045557,            0.013812,            0.010682,            0.001288,            0.001288,            0.001288
                 266,            0.020404,           0.0075881,          0.00013712,             0.81982,             0.57986,             0.68121,             0.38043,            0.045475,            0.014094,            0.010214,            0.001255,            0.001255,            0.001255
                 267,            0.020604,           0.0067765,          0.00031081,             0.83712,             0.57177,             0.68363,             0.38847,            0.045131,            0.014075,           0.0095816,            0.001222,            0.001222,            0.001222
                 268,            0.019937,           0.0069201,          0.00015248,             0.86316,             0.55767,             0.67714,             0.38771,            0.045256,            0.013879,           0.0095103,            0.001189,            0.001189,            0.001189
                 269,            0.018856,           0.0071991,          0.00015494,             0.79947,             0.59534,             0.67408,             0.37965,            0.045478,            0.013877,           0.0094121,            0.001156,            0.001156,            0.001156
                 270,            0.018387,           0.0063857,          0.00027933,             0.82253,             0.59336,             0.68001,             0.38256,            0.045237,            0.014033,           0.0093854,            0.001123,            0.001123,            0.001123
                 271,            0.019181,           0.0068401,          0.00013849,             0.77951,             0.59407,             0.67155,             0.38397,            0.045056,            0.014112,           0.0096811,             0.00109,             0.00109,             0.00109
                 272,            0.018802,           0.0062153,          0.00016752,             0.88102,             0.57995,             0.67747,             0.38645,            0.045142,            0.014163,           0.0093529,            0.001057,            0.001057,            0.001057
                 273,            0.018995,           0.0070084,          0.00012783,             0.87811,             0.56831,             0.67438,             0.38189,            0.045378,            0.014194,           0.0094652,            0.001024,            0.001024,            0.001024
                 274,            0.019505,           0.0068028,          0.00012333,             0.86455,             0.58056,              0.6778,             0.37471,            0.045662,            0.014109,           0.0097667,            0.000991,            0.000991,            0.000991
                 275,            0.019903,           0.0072566,          0.00021093,              0.8202,             0.58606,             0.67613,             0.37822,            0.045807,             0.01405,           0.0099336,            0.000958,            0.000958,            0.000958
                 276,            0.018591,           0.0071393,          0.00013703,             0.90792,             0.55056,             0.67407,             0.38138,            0.045667,            0.013961,           0.0099944,            0.000925,            0.000925,            0.000925
                 277,             0.01977,           0.0067401,          0.00024374,             0.86092,             0.57591,             0.67921,             0.38414,             0.04531,            0.014033,           0.0099769,            0.000892,            0.000892,            0.000892
                 278,            0.018225,           0.0065236,          0.00014602,             0.84684,             0.57653,             0.67167,             0.37876,            0.045344,            0.014276,           0.0098258,            0.000859,            0.000859,            0.000859
                 279,            0.018669,           0.0064765,          0.00028369,             0.85392,             0.57682,             0.67155,             0.37915,            0.045546,            0.014399,           0.0096832,            0.000826,            0.000826,            0.000826
                 280,            0.019331,           0.0071807,           0.0001785,             0.85789,             0.57089,             0.67602,             0.37719,            0.045906,              0.0142,           0.0096665,            0.000793,            0.000793,            0.000793
                 281,            0.018831,           0.0063065,          0.00012348,             0.86919,             0.57126,             0.68391,             0.38557,            0.045468,            0.014076,           0.0097465,             0.00076,             0.00076,             0.00076
                 282,            0.018919,           0.0070264,           0.0001464,             0.87838,             0.56831,             0.68869,             0.38643,            0.045438,             0.01395,           0.0098205,            0.000727,            0.000727,            0.000727
                 283,            0.018658,           0.0073399,          0.00010539,             0.88067,             0.56831,             0.68358,             0.38533,            0.045406,            0.013893,           0.0098728,            0.000694,            0.000694,            0.000694
                 284,            0.017616,           0.0060489,          0.00020411,             0.88259,             0.57236,             0.68204,             0.39378,            0.045018,            0.013918,           0.0099885,            0.000661,            0.000661,            0.000661
                 285,            0.018814,           0.0068743,           0.0003217,             0.84691,              0.5826,                0.68,             0.38358,            0.045295,            0.014074,            0.010033,            0.000628,            0.000628,            0.000628
                 286,              0.0184,           0.0066327,          0.00013728,             0.83746,             0.58732,             0.68209,             0.38427,            0.045453,             0.01417,            0.010209,            0.000595,            0.000595,            0.000595
                 287,            0.019117,           0.0068461,          0.00015516,             0.83484,             0.58732,             0.67966,             0.39094,            0.045006,            0.014206,            0.010068,            0.000562,            0.000562,            0.000562
                 288,            0.018685,           0.0064377,          0.00016466,             0.88085,             0.56471,             0.67832,             0.39035,            0.045043,            0.014235,             0.01008,            0.000529,            0.000529,            0.000529
                 289,            0.018072,           0.0065571,          0.00013808,             0.88105,             0.56577,             0.68448,             0.39178,            0.045131,            0.014162,            0.010038,            0.000496,            0.000496,            0.000496
                 290,              0.0177,           0.0068018,          0.00022566,             0.89056,             0.56577,             0.68625,             0.38991,            0.045481,            0.014128,           0.0099967,            0.000463,            0.000463,            0.000463
                 291,            0.018525,           0.0066995,          0.00017854,             0.86112,             0.57507,             0.68283,             0.38377,            0.045803,            0.014132,           0.0099421,             0.00043,             0.00043,             0.00043
                 292,            0.018742,           0.0069685,          0.00021204,             0.85236,             0.57507,             0.68391,             0.38852,            0.045518,            0.013998,            0.010006,            0.000397,            0.000397,            0.000397
                 293,            0.019204,           0.0060827,          0.00014365,             0.87861,             0.56408,             0.68277,             0.38507,            0.045625,            0.013973,            0.010005,            0.000364,            0.000364,            0.000364
                 294,            0.018239,           0.0064633,          0.00018096,             0.86057,             0.57939,             0.68324,              0.3872,            0.045518,             0.01404,            0.010105,            0.000331,            0.000331,            0.000331
                 295,             0.01673,            0.006779,          0.00017442,             0.84467,             0.57953,             0.68107,             0.38873,             0.04537,            0.014035,            0.010275,            0.000298,            0.000298,            0.000298
